ZIP,SUFFIX,DEATHDATE,MAIDEN,MARITAL,STATE,DRIVERS,BIRTHDATE,FIRST,ETHNICITY,BIRTHPLACE,SSN,CITY,PREFIX,LAST,RACE,ADDRESS,GENDER,ID,PASSPORT
02740,,,Hagenes547,M,Massachusetts,S99951588,1979-08-24,Norah104,french,Hanover  Massachusetts  US,999-46-5746,New Bedford,Mrs.,Stamm704,white,678 Trantow Overpass,F,3e9fd20e-b81c-4698-a7c2-0559e10361fa,X43863756X
02169,,,,,Massachusetts,,2004-10-11,Galina98,irish,Barnstable Town  Massachusetts  US,999-57-6519,Quincy,,Murray856,white,779 Ledner Road Suite 24,F,ecd13907-7903-4886-a7f5-f6e687c758c4,
01519,,,Goodwin327,M,Massachusetts,S99930729,1981-02-05,Franchesca574,italian,Worcester  Massachusetts  US,999-96-3731,Grafton,Mrs.,Kuhic920,white,619 Stiedemann Rue Unit 49,F,a1dfeccd-86e4-473b-a4ab-bd613db0dc2f,X83502942X
01581,,,Blick895,M,Massachusetts,S99995087,1971-08-21,Rosanna866,italian,Quincy  Massachusetts  US,999-96-3303,Westborough,Mrs.,Hudson301,white,812 Donnelly Alley Apt 72,F,af1ee647-2278-4d36-8637-a1d043813116,X43449132X
01545,,,,,Massachusetts,,2011-08-23,Marguerite497,italian,Brockton  Massachusetts  US,999-50-3413,Shrewsbury,,Kunde533,white,474 Russel Parade,F,0321643e-675d-42df-b7b7-a994edf99d60,
01721,,,Kulas532,M,Massachusetts,S99973537,1988-06-15,Francisca486,french,Freetown  Massachusetts  US,999-40-7959,Ashland,Mrs.,Gerlach374,white,233 Will Run,F,7a739bbe-76be-4327-8234-56b5d46dd38a,X25668173X
02346,,,Lowe577,M,Massachusetts,S99926742,1977-12-03,Delinda651,french_canadian,Berlin  Massachusetts  US,999-23-2701,Middleborough,Mrs.,Leuschke194,white,727 Mills Common,F,1eb30352-5aba-4fee-9bd2-4487efe0237f,X36865919X
01913,,2008-01-08,Legros616,M,Massachusetts,S99950218,1969-01-05,Odelia236,irish,Newton  Massachusetts  US,999-16-1417,Amesbury Town,Mrs.,Rodriguez71,white,662 Grady Wynd Apt 10,F,7abcf886-1e35-4d51-8194-ac3a60151a3c,X15834921X
02370,,,,M,Massachusetts,S99960663,1971-11-30,John539,chinese,Macau  Macao Special Administrative Region of the People's Republic of China  CN,999-54-6217,Rockland,Mr.,Funk324,asian,881 Ferry Bypass,M,8d2d7a32-cca3-4160-bca8-1a9a1fda87cb,X45813664X
02138,,,,M,Massachusetts,S99960152,1979-03-31,Brad867,irish,Williamstown  Massachusetts  US,999-77-5967,Cambridge,Mr.,Anderson154,white,504 Yundt Meadow Suite 79,M,3f620118-1054-412a-8feb-1b10f01fa61c,X25830373X
01040,,,Cardona494,M,Massachusetts,S99944836,1969-12-30,Marilu588,west_indian,Santo Domingo  National District  DO,999-26-3372,Holyoke,Mrs.,Domínquez36,black,771 O'Conner Common,F,30040a13-4e26-419e-acd2-0164a3e02a18,X41240732X
01338,,,Wilkinson796,M,Massachusetts,S99933079,1987-04-21,Beula159,irish,Natick  Massachusetts  US,999-53-2793,Buckland,Mrs.,Bernier607,white,472 Schaefer Center Apt 46,F,bf086ba1-188c-48fd-b81a-74ae29b49ffe,X29376428X
01776,N/A,N/A,N/A,N/A,Massachusetts,N/A,2014-12-22,Petra678,italian,Northampton  Massachusetts  US,999-98-8145,Sudbury,N/A,Pagac496,white,578 Mills Plaza,F,0ad78bf2-dd8e-4dd1-804c-6527c394b2ae,N/A
01913,,,Nader710,M,Massachusetts,S99931423,1969-01-05,Skye332,irish,Rockland  Massachusetts  US,999-45-9405,Amesbury Town,Mrs.,Orn563,white,112 Huel Trafficway,F,ef8b7243-1eee-4bd2-a07c-888127e26175,X33206125X
01913,,,,M,Massachusetts,S99949646,1956-05-19,Toney527,swedish,Rockland  Massachusetts  US,999-68-4214,Amesbury Town,Mr.,Kemmer137,white,1051 Bayer Common,M,ce4cf349-7435-44c5-b7b5-35f232ef5d12,X7005364X
01952,,,Gulgowski816,M,Massachusetts,S99946387,1978-01-23,Claudie965,west_indian,Bridgewater  Massachusetts  US,999-46-4575,Salisbury,Mrs.,Luettgen772,black,615 Jacobson Station,F,bbf15b32-fe80-4364-a076-ed386a806e78,X10464819X
02108,,,,,Massachusetts,S99911468,1996-02-23,Danyelle408,irish,Braintree Town  Massachusetts  US,999-12-4419,Boston,Ms.,Bahringer146,white,244 Rice Lodge Suite 77,F,55ed2d76-7d9f-4958-9746-209337a6d6a8,X30298855X
01913,,,,,Massachusetts,S99972216,2002-01-21,Alvin56,irish,Acushnet  Massachusetts  US,999-48-9667,Amesbury Town,,Bartoletti50,white,422 Hauck Crossing Suite 91,M,87a78a01-9b41-4cf5-ad87-92c1634f6c48,
02601,,2005-02-16,Leannon79,M,Massachusetts,S99944826,1918-12-03,Kelley882,polish,Lynn  Massachusetts  US,999-68-4144,Barnstable Town,Mrs.,Reynolds644,white,778 Hammes Rue,F,7092bed3-17a5-43b6-b3d3-f2d29a784fcb,X38634668X
01463,,,,M,Massachusetts,S99956886,1964-10-17,Simon598,chinese,Beijing  Beijing Municipality  CN,999-43-2877,Pepperell,Mr.,Schinner682,asian,1001 Veum Divide Unit 66,M,402dd8b2-3411-4cba-8e96-e287afa7e1c9,X60609189X
01803,,,,S,Massachusetts,S99947502,1985-10-25,Audie868,chinese,Shanghai  Shanghai Municipality  CN,999-69-9854,Burlington,Ms.,Murray856,asian,105 Thiel Promenade,F,9a89bf3d-8e6c-42ec-82d8-d4aaff10e254,X71777400X
01840,,,Larkin917,M,Massachusetts,S99943451,1956-10-19,Lewis216,irish,Boston  Massachusetts  US,999-40-3447,Lawrence,Mrs.,Deckow585,white,911 Bergstrom Trafficway Unit 57,F,4298ae41-3da7-436c-a736-c7635f7bb994,X81782807X
02138,,,,,Massachusetts,S99947285,1998-10-05,Sharyl439,french,New Bedford  Massachusetts  US,999-90-2593,Cambridge,Ms.,Pollich983,white,472 Reilly Road Apt 87,F,2847c8f5-89a9-4965-8c8b-86b96624392b,X31836309X
02703,,,Strosin214,M,Massachusetts,S99950068,1985-04-29,Cristi782,french,Conway  Massachusetts  US,999-72-6148,Attleboro,Mrs.,Bayer639,white,473 Waters Lodge Suite 13,F,46d8446b-b4ec-4363-a5c7-90093a71fd89,X63054892X
02053,,,Smith67,M,Massachusetts,S99927074,1951-02-10,Lavona767,french,Lynn  Massachusetts  US,999-62-5027,Medway,Mrs.,Yundt842,white,526 Lockman Crossroad Unit 80,F,47c75106-0e55-44c0-8808-3e37d4debd50,X89102351X
,,,,S,Massachusetts,S99998532,1954-04-08,Vicente970,west_indian,Port-au-Prince  Haiti  HT,999-34-7498,North Attleborough,Mr.,Wiza601,black,766 Collier Quay Unit 29,M,4a29aa0c-75a1-4083-be05-255a7b34a962,X2023370X
01520,,,Runolfsson901,M,Massachusetts,S99949776,1949-11-17,Jesenia223,irish,Boston  Massachusetts  US,999-30-3563,Holden,Mrs.,Nitzsche158,white,137 Feeney Run,F,8e3256d4-77ff-4c75-ae12-1c3542e0f249,X51035942X
01056,,,,,Massachusetts,,2008-01-02,Isaac321,polish,Boston  Massachusetts  US,999-64-8578,Ludlow,,Hayes766,white,573 Sawayn Dam,M,e5313cff-a9f9-42f9-8045-fe520cf9ada4,
02563,,,,S,Massachusetts,S99912864,1977-04-05,Robbi844,german,Middleborough  Massachusetts  US,999-32-1656,Sandwich,Ms.,Swaniawski813,white,292 Abernathy Lodge Suite 97,F,3d287899-4841-4637-b80d-44bb492ea2ce,X1477507X
02601,,1996-02-24,Kassulke119,M,Massachusetts,S99941545,1918-12-03,Hwa978,polish,Lee  Massachusetts  US,999-71-8040,Barnstable Town,Mrs.,Krajcik437,white,1045 Terry Bypass Apt 17,F,78fb6d4c-cdad-423d-85ef-085b8cb61bd2,X12953996X
01013,,,,,Massachusetts,S99930692,1995-01-21,Kristal814,german,Stockbridge  Massachusetts  US,999-84-5961,Springfield,Ms.,Herzog843,white,355 Sawayn Meadow,F,ca3c0efa-a343-4dc1-8292-389aed442b0f,X27899054X
02703,,,,,Massachusetts,,2003-06-12,Syreeta495,french,Marshfield  Massachusetts  US,999-59-8531,Attleboro,,Marquardt819,white,299 Emmerich Crossing Apt 28,F,92cf0b13-bb94-427d-89cf-591edb799e75,
02081,,,Reichert620,M,Massachusetts,S99976063,1944-07-23,Julia241,italian,Belmont  Massachusetts  US,999-29-1642,Walpole,Mrs.,Rowe323,white,374 Brown Club,F,6a9f3ee0-3769-41f7-a19c-f7eaf7ce1ef6,X62193857X
02368,,,,,Massachusetts,,2007-01-18,Myong12,american,Lynnfield  Massachusetts  US,999-66-5370,Randolph,,Fadel536,white,350 Greenfelder Hollow,F,66cb20f7-7e7f-4849-9d42-bd419474d866,
01013,,,,M,Massachusetts,S99920317,1984-03-06,Dustin31,irish,Waltham  Massachusetts  US,999-12-6458,Springfield,Mr.,Lowe577,white,909 Abshire Grove,M,47b0f941-5703-45b2-ba6f-25fbe1f29ddf,X18076551X
02108,,,,S,Massachusetts,S99929161,1986-03-23,Jason347,italian,Lawrence  Massachusetts  US,999-78-8255,Boston,Mr.,Schneider199,white,621 Kub Glen Suite 42,M,c3b97ecc-7027-4ac6-88b2-b905ac577ce0,X34180110X
02145,,,Amador986,M,Massachusetts,S99979524,1973-11-13,Carolina179,puerto_rican,Ponce  Puerto Rico  PR,999-98-4587,Medford,Mrs.,Ureña88,hispanic,311 Stark Light,F,48bce518-9b09-4992-bdca-ae42fd21e5d6,X14722300X
01833,,,,,Massachusetts,,2015-04-08,Ramón841,south_american,Rio de Janerio  Rio de Janerio  BR,999-32-6187,Georgetown,,Padrón382,hispanic,451 Mayer Stravenue,M,c2e667ce-286c-4cda-a039-aca9db747b28,
01056,,,,M,Massachusetts,S99944402,1965-03-04,Theron432,irish,Lowell  Massachusetts  US,999-17-4680,Ludlow,Mr.,Feil794,white,1075 Quigley Meadow,M,9786927d-e893-4626-93f5-6ce5d02b75e7,X69567081X
02169,,,,S,Massachusetts,S99959510,1987-05-24,Christopher407,portuguese,Norwood  Massachusetts  US,999-78-2228,Quincy,Mr.,Kassulke119,white,933 Lueilwitz Course Suite 67,M,32d5c083-f7d5-417c-a782-bfe51ef3ea6e,X44511172X
01089,,,Legros616,M,Massachusetts,S99943742,1989-01-05,Wei843,puerto_rican,Rockland  Massachusetts  US,999-35-2316,West Springfield Town,Mrs.,Hahn503,hispanic,1030 Altenwerth Crossroad Apt 86,F,bf36fe45-c80f-492f-a07e-17d5bf2ffe7d,X75755740X
01915,,,,M,Massachusetts,S99994917,1945-12-07,Trenton748,irish,New Bedford  Massachusetts  US,999-46-1654,Beverly,Mr.,Roob72,white,695 Skiles Well,M,156effeb-af23-4148-b0f0-2d951ad19781,X7543016X
02458,,,Erdman779,M,Massachusetts,S99933125,1967-10-11,Estrella224,irish,Walpole  Massachusetts  US,999-41-4343,Newton,Mrs.,Kemmer137,white,490 Baumbach Row,F,7065359e-eaf7-4f3b-a9e7-c7062b47d6cb,X34962661X
01907,,,,,Massachusetts,S99917263,1999-03-31,Perry780,italian,Brookline  Massachusetts  US,999-40-3710,Swampscott,Ms.,Gibson10,white,388 Eichmann Trail,F,298564cb-5bde-4268-902c-1fe92d6fd7a6,
01850,,,Aufderhar910,M,Massachusetts,S99992260,1944-09-13,Keshia89,russian,Somerville  Massachusetts  US,999-59-6003,Lowell,Mrs.,Brekke496,white,707 Koss Plaza,F,c7dd2aaf-476c-4ba1-bad9-46cb7fb4895c,X25025655X
02180,N/A,N/A,N/A,N/A,Massachusetts,N/A,2007-09-18,Kena893ds,portuguese,Faro  Algarve  PT,999-63-2788,Stoneham,N/A,Feeney44,white,1001 Witting Pathway Unit 56,F,7ebc4f78-8c61-4f36-a399-05bf933c2630,N/A
02725,,,,,Massachusetts,,2013-07-21,Richie600,swedish,Shirley  Massachusetts  US,999-46-3625,Somerset,,Reichel38,white,438 Champlin Green,M,7102114c-76be-4074-80cc-1cc8dc9af968,
01747,,,,M,Massachusetts,S99941597,1976-07-01,Michel472,irish,Milton  Massachusetts  US,999-60-2777,Hopedale,Mr.,Leannon79,white,692 Walsh Avenue Apt 37,M,cf199037-1449-4a31-aae3-a6c390c1f4a1,X6340638X
02601,,,Stoltenberg489,M,Massachusetts,S99941247,1918-12-03,Analisa263,polish,Wareham  Massachusetts  US,999-58-6470,Barnstable Town,Mrs.,Rau926,white,190 Shields Annex Unit 72,F,6ea9adf0-8f4d-44ce-8ce0-3658078f0dbf,X89067614X
02128,,,,,Massachusetts,S99929777,1995-01-14,Elaine830,italian,Westfield  Massachusetts  US,999-11-6240,Winthrop Town,Ms.,Kuphal363,white,297 Hermiston Gardens,F,0cc376be-048f-49bb-af58-2e4f272f4a07,X84445946X
02474,,,Douglas31,M,Massachusetts,S99982262,1965-04-14,Sammy219,italian,Andover  Massachusetts  US,999-59-7395,Arlington,Mrs.,Harber290,white,818 Greenfelder Highlands Suite 83,F,41362f93-5e34-44c8-a9c5-5c1ac538b999,X20437257X
02657,,,Bashirian201,M,Massachusetts,S99949438,1948-12-11,Alayna598,italian,Framingham  Massachusetts  US,999-58-4458,Provincetown,Mrs.,Buckridge80,white,691 Mayer Viaduct Suite 28,F,556052da-ad6b-4c39-bb0c-001e78126393,X72036626X
02108,,,,,Massachusetts,S99922498,1997-05-24,Lani848,scottish,Milton  Massachusetts  US,999-15-2289,Boston,Ms.,O'Connell601,white,859 Lakin Avenue Apt 81,F,f8dc935e-a476-47c8-b4b3-2a6fa97d3d95,X64360639X
02108,,,,M,Massachusetts,S99979442,1967-06-11,Paul232,italian,Dartmouth  Massachusetts  US,999-54-6754,Boston,Mr.,Hyatt152,white,694 Kub Vale,M,deb75f2a-051f-4cae-81cb-a2592e41dd86,X48036948X
02026,,,,S,Massachusetts,S99919126,1973-10-28,Eldon28,irish,Brookline  Massachusetts  US,999-80-8524,Dedham,Mr.,Fahey393,white,334 Brown Bay Apt 55,M,33df4b24-4066-4e44-af95-3127d7cc3cfe,X30416537X
02725,,,,,Massachusetts,,2004-05-23,Stephan15,french,Sudbury  Massachusetts  US,999-26-4559,Somerset,,Terry864,white,124 Trantow Trafficway Suite 66,M,f76c12ed-d934-424d-9941-3d98b6423230,
02703,,,,,Massachusetts,S99970230,1995-11-18,Nathanial472,italian,Townsend  Massachusetts  US,999-36-6436,Attleboro,Mr.,Kirlin939,white,439 Raynor Meadow Suite 86,M,47e5999b-76dc-45f2-8391-7bede50c26ab,X6845130X
01002,,,Graham902,M,Massachusetts,S99953932,1951-09-18,Trisha327,english,Mansfield  Massachusetts  US,999-44-7915,Amherst,Mrs.,Hagenes547,white,847 Ritchie Alley,F,6d8367dd-e546-4c2e-97b4-2ea82184232a,X76978787X
02540,,,,M,Massachusetts,S99998714,1961-04-07,Julian715,english,Lynn  Massachusetts  US,999-93-7528,Falmouth,Mr.,Hansen121,white,396 Kerluke Approach Unit 97,M,02a45eb4-a3f3-4157-ab5c-d0621f2b7073,X71645893X
02090,,,King743,M,Massachusetts,S99932834,1942-05-05,Jeanna557,italian,Orange  Massachusetts  US,999-72-5345,Westwood,Mrs.,Streich926,white,466 Armstrong Wall Suite 38,F,2f9effee-365c-4bac-b79d-6632b3b2aee3,X1823858X
02108,,,,S,Massachusetts,S99939711,1942-07-08,Douglas31,english,Milton  Massachusetts  US,999-17-7819,Boston,Mr.,Turcotte120,white,162 Blick Approach Unit 94,M,dba64242-e165-4ad3-8816-5ccef767b3e0,X20869154X
02145,,,,S,Massachusetts,S99982366,1979-08-28,Monserrate4,chinese,Bridgewater  Massachusetts  US,999-15-1680,Medford,Ms.,Brakus656,asian,324 O'Keefe View Unit 83,F,b676480c-4440-4239-bd6f-20f867d766e2,X73261343X
01845,,,Quezada963,M,Massachusetts,S99933217,1971-12-17,Carmen818,puerto_rican,Bayamon  Puerto Rico  PR,999-55-4156,North Andover,Mrs.,Prieto999,hispanic,814 Collins Divide,F,12970fef-a879-42e0-8b95-a988852664da,X61010577X
02169,,,,M,Massachusetts,S99994431,1962-02-18,Mac103,polish,Upton  Massachusetts  US,999-95-1794,Quincy,Mr.,Keebler762,white,1089 Kilback Highlands,M,dffef9ff-166f-42b9-a5f0-dc908f7f9c51,X17328597X
01532,,,,M,Massachusetts,S99979245,1966-08-03,Shane235,italian,Boston  Massachusetts  US,999-24-7044,Northborough,Mr.,Kuhic920,white,206 McGlynn Green,M,19b66c49-1d18-4c06-a65b-e0e24e8244ef,X43394142X
01929,,,Renner328,M,Massachusetts,S99978776,1974-03-01,Marta91,polish,Abington  Massachusetts  US,999-10-5377,Essex,Mrs.,Hintz995,white,275 Kuhlman Gardens,F,3c40f3d2-3f5a-44ae-888e-7533bbea38b8,X69066115X
01028,,,,,Massachusetts,S99985672,1998-05-14,Lowell343,french,Dennis  Massachusetts  US,999-60-7452,East Longmeadow,Mr.,Gerlach374,white,399 Zulauf Viaduct Unit 7,M,df28f253-6b67-403d-a98a-e10c9ea821e0,X64065230X
02108,,,,M,Massachusetts,S99940660,1945-05-27,Eduardo902,puerto_rican,Bayamon  Puerto Rico  PR,999-47-1637,Boston,Mr.,Ybarra887,hispanic,692 Champlin Landing Apt 76,M,808a2404-9b1f-4632-932e-b5214ba0bc10,X43903211X
01040,,,,,Massachusetts,S99915050,1997-10-01,Reynalda736,italian,Sudbury  Massachusetts  US,999-58-6221,Holyoke,Ms.,Nolan344,white,299 Hintz Highlands Suite 72,F,889d8269-e1ae-4373-ad10-9021395b8ad1,X53964005X
02149,,,,,Massachusetts,,2006-07-18,Val761,english,Cambridge  Massachusetts  US,999-24-7131,Chelsea,,Halvorson124,white,891 Grimes Key Suite 52,M,e4954420-d873-4d11-9337-7edba229edcd,
02025,,,Galindo802,M,Massachusetts,S99998322,1964-11-19,Isabel214,puerto_rican,Carolina  Puerto Rico  PR,999-13-8729,Cohasset,Mrs.,Casillas702,hispanic,587 Wunsch Estate,F,d72cd8ce-f608-4b79-9bf5-56ed27fc57d6,X36385634X
02108,,,,,Massachusetts,,2016-12-15,Milton509,italian,Shrewsbury  Massachusetts  US,999-58-6347,Boston,,Block661,white,503 Hane Arcade Suite 23,M,9a9e43d6-8269-402d-a33f-35fbca0548ef,
01940,,,,M,Massachusetts,S99987561,1981-08-23,Sol312,german,Williamstown  Massachusetts  US,999-71-6062,Peabody,Mr.,Waelchi213,white,894 Denesik Trace,M,1d55ff96-90dd-45ad-ae35-a02458612ccc,X32169263X
01028,,,Schuster709,M,Massachusetts,S99963159,1942-03-11,Windy313,german,Springfield  Massachusetts  US,999-43-2398,East Longmeadow,Mrs.,Thiel172,white,1057 Gutmann Trailer Apt 55,F,8f3c4c12-b0c1-4a4d-9a3f-65dde336db30,X52504865X
01876,,,,S,Massachusetts,S99946293,1959-09-29,Lorenza655,irish,Boston  Massachusetts  US,999-40-7037,Tewksbury,Ms.,Volkman526,white,600 Dietrich Rue,F,04d8f626-a354-4fa0-b4c9-606881772c88,X26509695X
01876,,,Boehm581,M,Massachusetts,S99996644,1968-10-11,Kisha966,english,Milford  Massachusetts  US,999-51-2821,Tewksbury,Mrs.,Sawayn19,white,966 Jerde Burg,F,212c4305-a362-4f37-9ac4-c1507ce0f594,X62645117X
01507,,,Ramírez776,M,Massachusetts,S99978665,1951-08-18,Sonia106,mexican,Gaudalajara  Jalisco  MX,999-94-4147,Charlton,Mrs.,Barrios478,hispanic,755 Quitzon Way,F,bc8a6fa7-9a73-4344-a8f1-7e15ea749086,X57013620X
01701,,,,M,Massachusetts,S99984610,1982-12-25,Jospeh459,italian,Westfield  Massachusetts  US,999-63-4352,Framingham,Mr.,Lowe577,white,823 Wyman Mission,M,e582a03a-7865-4872-803d-268c99aec450,X28967747X
02108,,,Champlin946,M,Massachusetts,S99912306,1970-06-28,Lidia103,italian,Boston  Massachusetts  US,999-92-5508,Boston,Mrs.,Hyatt152,white,678 Marks Terrace Apt 42,F,68740cab-c778-43cc-807e-9217f93786d9,X8545823X
01013,,,West559,M,Massachusetts,S99939739,1968-04-14,Alyse240,french,Lawrence  Massachusetts  US,999-70-4375,Chicopee,Mrs.,Kihn564,white,643 Gibson Lock Apt 40,F,61e4f461-664b-499f-9ef4-e66861d84e60,X50772432X
01532,,,,M,Massachusetts,S99948166,1980-01-05,Donnie175,french,Webster  Massachusetts  US,999-61-5532,Northborough,Mr.,Gulgowski816,white,177 Streich Manor,M,2f341ac1-1a68-47c5-8d92-8afdeac26261,X73658817X
01534,,,Schinner682,M,Massachusetts,S99998459,1957-06-10,Xiomara943,irish,Chelsea  Massachusetts  US,999-88-4843,Northbridge,Mrs.,Rogahn59,white,808 Haley Fork,F,849502ca-987a-48c7-b1d5-01eab8ff39d7,X46871506X
02703,,,Jacobson885,M,Massachusetts,S99967767,1952-08-21,Ruby458,german,Boston  Massachusetts  US,999-97-5821,Attleboro,Mrs.,Gleason633,white,393 Kling Tunnel Suite 55,F,07bae713-4c3f-40ee-be2c-8ba0cef838c5,X39107879X
01013,,,,,Massachusetts,,2003-06-02,Kennith515,irish,Webster  Massachusetts  US,999-35-3367,Chicopee,,Kemmer137,white,606 Hodkiewicz Light,M,6277157b-f3ff-4cde-8b73-b70a6b694843,
02138,,,,M,Massachusetts,S99987017,1987-10-01,Burl285,irish,Chicopee  Massachusetts  US,999-27-1623,Somerville,Mr.,Tremblay80,white,1080 Lowe Green,M,d303a995-efd2-4c22-9ced-ec2a7c906862,X53808858X
01267,,,,,Massachusetts,S99955257,1993-01-25,Sherlyn657,irish,Gill  Massachusetts  US,999-88-7952,Williamstown,Ms.,Parisian75,white,1041 Bradtke Overpass Suite 65,F,701de8f3-6207-4ef7-b2c1-01afe1e0a63c,X38909124X
01824,,,,,Massachusetts,,2004-12-11,Eilene124,asian_indian,Easton  Massachusetts  US,999-10-6297,Chelmsford,,Marquardt819,asian,399 Langosh Tunnel,F,333897a2-1fb1-43e2-8401-36c96e35c76d,
02052,,,,M,Massachusetts,S99998480,1946-03-07,Horacio317,irish,Granville  Massachusetts  US,999-41-2085,Medfield,Mr.,Wiza601,white,205 Rutherford Hollow,M,be861ed0-39b3-4cd7-8b75-c56a62894868,X44238962X
01462,,,,,Massachusetts,,2010-05-09,Kenneth671,french_canadian,Lunenburg  Massachusetts  US,999-21-1315,Lunenburg,,Donnelly343,white,913 Wiza Ranch Suite 76,M,168af060-3b88-40f9-bdda-1bb34d9a30bd,
01810,,,,M,Massachusetts,S99991406,1965-03-15,Jody426,mexican,Medford  Massachusetts  US,999-69-8293,Andover,Mr.,Graham902,hispanic,509 Prohaska Road Suite 37,M,5f522efa-c1a4-415a-8215-a35e9f5a2d1d,X62366528X
02720,,2005-01-11,,M,Massachusetts,S99981205,1951-12-25,Trey250,italian,Winchendon  Massachusetts  US,999-43-3582,Fall River,Mr.,Gottlieb798,white,660 Conn Loaf Unit 89,M,d734285e-772d-4cc6-840d-2e9454d43579,X89842768X
01085,,,,M,Massachusetts,S99943776,1989-12-29,Enrique929,puerto_rican,Ludlow  Massachusetts  US,999-29-3088,Westfield,Mr.,Legros616,hispanic,389 Huel Avenue,M,ca7e30f4-b186-4320-b8d7-6a99d44a5817,X20402365X
02108,,,,,Massachusetts,S99941471,1997-05-06,Concepción765,puerto_rican,Caguas  Puerto Rico  PR,999-34-3869,Boston,Ms.,Vigil207,hispanic,334 Nicolas Heights,F,d3871315-7fd5-489f-9645-15e61cd46697,X83788975X
02766,,,Kirlin939,M,Massachusetts,S99947730,1952-04-07,Tori754,german,Spencer  Massachusetts  US,999-47-8155,Norton,Mrs.,VonRueden376,white,447 Stokes Grove,F,fc7a984e-01f6-43cf-aa40-e2848c1d2754,X68925865X
01460,,,,M,Massachusetts,S99915382,1984-11-23,Judson999,german,Westwood  Massachusetts  US,999-91-9017,Littleton,Mr.,Daugherty69,white,871 Ebert Skyway,M,cd94ec8b-a0cf-4be7-846a-b9cf205e4f24,X83783573X
02540,,2007-07-07,,M,Massachusetts,S99993393,1963-10-26,Burl285,italian,Springfield  Massachusetts  US,999-48-1314,Falmouth,Mr.,Upton904,white,721 Huel Way Unit 12,M,05222a87-3106-4e6e-979b-f5732c2c962e,X83295801X
02108,,,,M,Massachusetts,S99955132,1954-01-18,Dee580,russian,Boston  Massachusetts  US,999-44-9830,Boston,Mr.,White193,white,916 Jones Village Unit 55,M,aa25cd5c-92f9-48ee-b563-7de02c404c13,X78970555X
02108,,,,M,Massachusetts,S99920712,1964-01-22,Jorge203,puerto_rican,Caguas  Puerto Rico  PR,999-80-5129,Boston,Mr.,Amador986,hispanic,838 Borer Road Suite 59,M,b4e9cc9a-6057-46ca-a647-c217ebbca6ee,X3444681X
02540,,,,S,Massachusetts,S99998950,1963-10-26,William805,italian,Fitchburg  Massachusetts  US,999-75-7299,Falmouth,Mr.,Runte676,white,181 Hessel Bridge,M,02e04306-6dc6-4a93-85bd-40a18eb15d28,X75896505X
02720,,,,S,Massachusetts,S99957491,1951-12-25,Toby274,italian,North Reading  Massachusetts  US,999-86-1581,Fall River,Mr.,Buckridge80,white,438 O'Reilly Lock Unit 83,M,17e1a347-8e15-4f6c-bf9c-7d7b717cfc73,X31027011X
